gatename,gate_in_1,gate_in_2,gate_in_3,gate_in_4,gate_in_5,fan_in_1,fan_in_2,fan_in_3,fan_in_4,fan_in_5,in_flipflop_1,in_flipflop_2,in_flipflop_3,in_flipflop_4,in_flipflop_5,out_flipflop_1,out_flipflop_2,out_flipflop_3,out_flipflop_4,out_flipflop_5,in_near_flipflop,out_near_flipflop,in_multiplexer_1,in_multiplexer_2,in_multiplexer_3,in_multiplexer_4,in_multiplexer_5,out_multiplexer_1,out_multiplexer_2,out_multiplexer_3,out_multiplexer_4,out_multiplexer_5,in_near_multiplexer,out_near_multiplexer,in_const_1,in_const_2,in_const_3,in_const_4,in_const_5,out_const_1,out_const_2,out_const_3,out_const_4,out_const_5,inv_1,inv_2,inv_3,inv_4,inv_5,loop_1,loop_2,loop_3,loop_4,loop_5,DPI,DPO,label
U304,5,9,24,56,76,2,5,12,32,56,1,0,1,8,9,0,0,0,0,0,1,10,0,1,0,1,6,0,0,0,0,0,2,10,0,1,0,2,0,0,1,0,2,0,0,0,0,0,1,1,0,0,0,0,1,0,1
U303,5,9,23,59,81,2,5,12,32,59,1,0,1,7,10,0,0,0,0,0,1,10,0,1,0,1,5,0,0,0,0,0,2,10,0,1,0,2,0,0,1,0,2,0,0,0,0,0,2,1,0,0,0,0,1,0,1
U302,6,18,50,67,112,2,7,25,48,71,0,0,8,8,5,0,0,0,0,0,3,10,0,0,0,6,8,0,0,0,0,0,4,10,1,0,2,0,0,1,0,2,0,0,0,0,0,1,3,1,0,0,0,0,3,1,1
U301,6,23,23,42,75,2,8,17,28,51,0,5,2,2,8,0,0,0,0,0,2,10,0,0,3,2,2,0,0,0,0,0,3,10,0,2,0,0,0,0,2,0,0,0,0,0,1,2,6,1,0,0,0,0,2,2,1
U300,12,11,19,35,52,2,6,13,26,38,2,2,1,5,0,0,0,0,0,0,1,10,0,0,2,1,5,0,0,0,0,0,3,10,2,0,0,0,0,2,0,0,0,0,0,0,1,4,6,1,0,0,0,0,1,3,1
U297,11,12,23,43,59,4,9,13,24,36,3,0,1,4,3,0,0,0,0,0,1,10,0,3,0,1,4,0,0,0,0,0,2,10,0,0,0,0,0,0,0,0,0,0,0,1,1,2,4,1,0,0,0,0,1,3,1
U296,12,27,47,73,97,3,15,31,46,64,0,3,7,3,1,0,0,0,0,0,2,10,0,0,3,7,3,0,0,0,0,0,3,10,0,0,0,0,0,0,0,0,0,0,0,0,0,1,8,1,0,0,0,0,2,2,1
U295,11,14,26,40,55,4,9,16,25,34,3,1,3,0,2,0,0,0,0,0,1,10,0,3,1,3,0,0,0,0,0,0,2,10,0,0,0,0,0,0,0,0,0,0,0,0,0,1,2,1,0,0,0,0,1,3,1
U294,8,15,25,36,50,4,10,18,28,35,0,2,3,1,3,0,0,0,0,0,2,10,0,0,2,3,1,0,0,0,0,0,3,10,0,0,0,0,0,0,0,0,0,0,0,0,1,3,3,1,0,0,0,0,2,3,1
U293,8,21,36,44,72,4,12,21,34,46,0,4,2,1,4,0,0,0,0,0,2,10,0,0,4,2,1,0,0,0,0,0,3,10,0,0,0,0,0,0,0,0,0,0,0,0,1,7,7,1,0,0,0,0,2,3,1
U230,5,8,13,17,29,2,5,9,13,20,1,1,2,0,1,0,0,0,1,0,1,4,0,1,1,2,0,0,0,1,0,1,2,3,0,0,0,0,0,0,0,0,0,0,0,1,1,2,4,1,0,0,0,1,1,10,0
U229,5,9,10,15,28,2,5,8,12,18,1,2,0,1,0,0,0,0,0,1,1,5,0,1,2,0,1,0,0,0,1,0,2,4,0,0,0,0,0,0,0,0,0,0,0,0,2,4,4,1,0,0,0,0,1,10,0
U228,5,9,10,15,28,2,5,8,12,18,1,2,0,1,0,0,0,0,1,0,1,4,0,1,2,0,1,0,0,1,0,1,2,3,0,0,0,0,0,0,0,0,0,0,0,1,1,3,3,1,0,0,0,1,1,10,0
U227,6,6,8,14,23,2,4,7,10,15,2,0,1,0,1,0,0,0,1,0,1,4,0,2,0,1,0,0,0,1,0,1,2,3,0,0,0,0,0,0,0,0,0,0,0,1,2,2,2,1,0,0,0,1,1,10,0
U226,5,8,14,18,30,2,5,9,14,19,1,1,2,0,0,0,0,1,0,1,1,3,0,1,1,2,0,0,1,0,1,0,2,2,0,0,0,0,0,0,0,0,0,0,0,0,0,0,2,1,0,0,1,0,1,10,0
U225,5,9,11,14,23,2,5,8,12,15,1,2,0,0,0,0,0,0,1,0,1,4,0,1,2,0,0,0,0,1,0,1,2,3,0,0,0,0,0,0,0,0,0,0,0,0,0,0,0,1,0,0,0,0,1,10,0
U224,5,9,11,14,23,2,5,8,12,15,1,2,0,0,0,0,0,1,0,1,1,3,0,1,2,0,0,0,1,0,1,0,2,2,0,0,0,0,0,0,0,0,0,0,0,0,0,0,2,1,0,0,1,0,1,10,0
U223,6,6,7,10,17,2,4,6,8,10,2,0,0,0,0,0,0,1,0,1,1,3,0,2,0,0,0,0,1,0,1,0,2,2,0,0,0,0,0,0,0,0,0,0,0,0,0,0,2,1,0,0,1,0,1,10,0
U222,5,8,13,17,28,2,5,9,13,20,1,1,2,0,1,0,0,0,1,0,1,4,0,1,1,2,0,0,0,1,0,1,2,3,0,0,0,0,0,0,0,0,0,0,0,1,1,2,4,1,0,0,0,1,1,4,0
U221,5,9,10,15,27,2,5,8,12,18,1,2,0,1,0,0,0,0,0,1,1,5,0,1,2,0,1,0,0,0,1,0,2,4,0,0,0,0,0,0,0,0,0,0,0,0,2,4,4,1,0,0,0,0,1,5,0
U220,5,9,10,15,27,2,5,8,12,18,1,2,0,1,0,0,0,0,1,0,1,4,0,1,2,0,1,0,0,1,0,1,2,3,0,0,0,0,0,0,0,0,0,0,0,1,1,3,3,1,0,0,0,1,1,4,0
U219,6,6,8,14,21,2,4,7,10,15,2,0,1,0,1,0,0,0,1,0,1,4,0,2,0,1,0,0,0,1,0,1,2,3,0,0,0,0,0,0,0,0,0,0,0,1,2,2,2,1,0,0,0,1,1,4,0
U218,5,8,14,19,36,2,5,9,14,21,1,1,2,0,2,0,0,1,0,1,1,3,0,1,1,2,0,0,1,0,1,0,2,2,0,0,0,0,0,0,0,0,0,0,0,0,0,0,1,1,0,0,1,0,1,4,0
U217,5,9,11,18,29,2,5,8,13,18,1,2,0,1,1,0,0,0,1,0,1,4,0,1,2,0,1,0,0,1,0,1,2,3,0,0,0,0,0,0,0,0,0,0,0,0,0,0,1,1,0,0,0,0,1,5,0
U216,5,9,11,18,29,2,5,8,13,18,1,2,0,1,1,0,0,1,0,1,1,3,0,1,2,0,1,0,1,0,1,0,2,2,0,0,0,0,0,0,0,0,0,0,0,0,0,0,1,1,0,0,1,0,1,4,0
U215,6,6,10,14,27,2,4,7,10,15,2,0,1,0,2,0,1,1,0,1,1,2,0,2,0,1,0,0,1,0,1,0,2,2,0,0,0,0,0,0,0,0,0,0,0,0,0,0,1,1,0,0,1,0,1,5,0
U214,3,6,6,9,16,1,3,5,8,12,0,2,0,1,0,0,0,1,8,1,2,3,0,0,2,0,1,0,0,8,1,1,3,3,0,0,0,0,0,0,0,0,0,0,0,1,1,2,2,1,0,0,0,0,1,5,0
U213,6,12,15,26,40,2,7,12,20,31,0,3,1,4,1,0,1,0,1,0,2,2,0,0,3,1,4,1,0,1,0,1,3,1,0,0,0,0,0,0,0,0,0,0,0,1,1,2,2,1,0,0,0,0,2,3,0
U212,6,6,7,10,17,2,4,6,8,10,2,0,0,0,0,0,0,0,1,1,1,4,0,2,0,0,0,0,0,1,1,0,2,3,0,0,0,0,0,0,0,0,0,0,0,0,0,0,0,1,0,0,0,0,1,10,0
U211,6,6,10,14,27,2,4,7,10,15,2,0,1,0,2,0,0,0,1,1,1,4,0,2,0,1,0,0,0,1,1,0,2,3,0,0,0,0,0,0,0,0,0,0,0,0,0,0,1,1,0,0,0,0,1,5,0
U210,6,6,8,14,23,2,4,7,10,15,2,0,1,0,1,0,0,0,0,1,1,5,0,2,0,1,0,0,0,0,1,1,2,4,0,0,0,0,0,0,0,0,0,0,0,0,3,4,4,1,0,0,0,0,1,10,0
U209,6,18,24,30,49,2,8,16,25,34,0,5,3,1,0,0,0,0,1,4,2,4,0,0,5,3,1,0,0,1,4,1,3,3,0,0,0,0,0,0,0,0,0,0,0,0,4,4,4,1,0,0,0,0,2,10,0
U208,6,6,8,14,21,2,4,7,10,15,2,0,1,0,1,0,0,0,0,1,1,5,0,2,0,1,0,0,0,0,1,1,2,4,0,0,0,0,0,0,0,0,0,0,0,0,3,4,4,1,0,0,0,0,1,5,0
U207,6,13,20,29,51,2,8,13,19,27,0,3,0,2,3,0,1,0,1,1,2,2,0,0,3,0,2,1,0,1,0,2,3,1,0,0,0,0,0,0,0,0,0,0,0,2,2,5,5,1,0,0,1,1,2,3,0
U206,1,3,7,9,12,1,2,5,8,12,0,0,2,0,2,0,0,1,0,1,3,3,0,0,0,2,0,0,1,0,1,0,4,2,0,0,0,0,0,0,0,0,0,0,1,1,2,2,3,1,0,0,0,0,0,10,0
U205,5,9,13,21,29,2,6,10,15,20,0,1,2,1,2,0,1,0,1,0,2,2,0,0,1,2,1,1,0,1,0,2,3,1,0,0,0,0,0,0,0,0,0,0,0,1,2,2,3,1,0,0,1,0,1,5,0
U204,7,16,29,45,66,2,9,16,27,38,0,2,2,7,1,0,1,0,1,1,2,2,0,0,2,2,7,1,0,1,0,6,3,1,0,0,0,0,0,0,0,0,0,0,0,0,0,3,3,1,0,0,1,2,2,4,0
U202,2,6,6,12,22,1,3,5,9,16,0,2,0,2,0,0,0,1,8,1,2,3,0,0,2,0,2,0,1,8,1,9,3,2,0,0,0,0,0,0,0,0,0,0,0,8,8,8,9,1,0,0,0,0,2,10,0
U201,6,18,18,31,45,2,8,14,21,33,0,6,0,1,1,0,0,2,0,1,2,3,0,0,6,0,1,0,2,0,1,1,3,2,0,0,0,0,0,0,0,0,0,0,0,0,0,0,1,1,0,0,0,2,2,10,0
U138,12,12,17,20,31,4,8,12,16,20,4,0,0,0,0,0,0,0,3,0,1,4,0,4,0,0,0,0,0,3,0,5,2,3,0,0,0,0,0,0,0,0,0,0,1,1,1,1,1,1,0,0,0,0,1,10,0
U137,4,12,12,17,20,1,5,9,13,17,0,4,0,0,0,0,0,1,0,5,2,3,0,0,4,0,0,0,1,0,5,2,3,2,0,0,0,0,0,0,0,0,0,0,0,0,0,0,1,1,0,0,0,0,2,5,0
U135,7,10,26,37,60,3,6,13,25,39,2,0,5,1,3,0,0,0,4,0,1,4,0,2,0,5,1,0,0,4,0,1,2,3,0,0,0,0,0,0,0,0,0,0,1,1,1,2,4,1,0,0,0,0,1,10,0
U132,12,12,17,20,31,4,8,12,16,20,4,0,0,0,0,0,0,0,0,2,1,5,0,4,0,0,0,0,0,0,2,4,2,4,0,0,0,0,0,0,0,0,0,0,1,1,1,1,1,1,0,0,0,0,1,10,0
U131,4,12,12,17,20,1,5,9,13,17,0,4,0,0,0,0,0,0,1,4,2,4,0,0,4,0,0,0,0,1,4,1,3,3,0,0,0,0,0,0,0,0,0,0,0,0,0,0,0,1,0,0,0,0,2,10,0
U129,7,10,24,34,52,3,6,14,25,36,2,0,6,0,3,0,0,0,4,0,1,4,0,2,0,6,0,0,0,4,0,1,2,3,0,0,0,0,0,0,0,0,0,0,1,1,1,2,3,1,0,0,0,0,1,10,0
U128,6,11,17,31,43,2,7,12,20,32,0,3,0,5,0,0,0,4,0,1,2,3,0,0,3,0,5,0,4,0,1,0,3,2,0,0,0,0,0,0,0,0,0,0,0,2,2,2,3,1,0,0,0,0,2,10,0
U127,5,9,13,22,40,2,5,11,16,23,1,0,3,0,4,0,1,0,1,0,1,2,0,1,0,3,0,1,0,1,0,1,2,1,0,0,0,0,0,0,0,0,0,0,0,0,2,2,2,1,0,1,0,0,1,10,0
U126,4,12,17,24,38,2,6,13,20,26,0,2,3,0,3,0,1,0,1,0,2,2,0,0,2,3,0,1,0,1,0,1,3,1,0,0,0,0,0,0,0,0,0,0,0,0,2,2,2,1,0,0,1,0,2,10,0
U125,4,11,20,28,42,2,6,14,22,29,0,1,5,0,2,0,1,0,1,0,2,2,0,0,1,5,0,1,0,1,0,1,3,1,0,0,0,0,0,0,0,0,0,0,0,0,2,2,2,1,0,0,1,0,2,10,0
U124,4,11,19,31,46,2,6,14,23,30,0,1,4,2,1,0,1,0,1,0,2,2,0,0,1,4,2,1,0,1,0,2,3,1,0,0,0,0,0,0,0,0,0,0,0,0,2,2,2,1,0,0,1,0,2,10,0
U123,6,6,14,25,43,2,4,7,15,26,2,0,1,1,3,0,0,1,2,1,1,3,0,2,0,1,1,0,1,2,1,1,2,2,0,0,0,0,0,0,0,0,0,0,0,0,0,1,3,1,0,0,0,3,1,5,0
U120,6,6,8,14,23,2,4,7,10,16,2,0,1,0,1,0,0,0,1,0,1,4,0,2,0,1,0,0,0,1,0,1,2,3,0,0,0,0,0,0,0,0,0,0,0,0,2,2,3,1,0,0,0,0,1,10,0
U118,10,18,20,36,62,4,10,17,24,38,2,4,1,0,2,0,0,1,0,1,1,3,0,2,4,1,0,0,1,0,1,1,2,2,0,0,0,0,0,0,0,0,0,0,0,0,2,4,5,1,0,0,0,1,1,10,0
U117,7,10,25,29,51,3,6,14,25,38,2,0,7,0,3,0,0,1,0,1,1,3,0,2,0,7,0,0,1,0,1,1,2,2,0,0,0,0,0,0,0,0,0,0,1,1,1,2,3,1,0,0,0,0,1,10,0
U116,13,24,42,60,89,4,13,26,40,55,1,4,7,3,0,0,1,0,1,1,1,2,0,1,4,7,3,1,0,1,1,1,2,1,0,0,0,0,0,0,0,0,0,0,0,1,1,5,15,1,0,0,0,2,1,10,0
U114,10,18,25,34,54,3,9,17,28,41,2,4,3,0,3,0,0,0,1,0,1,4,0,2,4,3,0,0,0,1,0,1,2,3,0,0,0,0,0,0,0,0,0,0,0,0,0,1,2,1,0,0,0,1,1,10,0
U113,6,13,25,41,62,2,6,14,26,43,1,2,5,3,2,0,0,1,0,1,1,3,0,1,2,5,3,0,1,0,1,0,2,2,0,0,0,0,0,0,0,0,0,0,0,0,0,0,3,1,0,0,0,1,1,10,0
U112,9,9,18,23,38,3,6,11,20,27,3,0,3,0,2,0,0,1,0,1,1,3,0,3,0,3,0,0,1,0,1,0,2,2,0,0,0,0,0,0,0,0,0,0,0,0,0,2,3,1,0,0,1,0,1,10,0
U111,6,6,12,22,35,2,4,8,15,23,2,0,2,0,3,0,0,0,13,0,1,4,0,2,0,2,0,0,0,13,0,11,2,3,0,0,0,0,0,0,0,0,0,0,1,13,13,14,15,1,0,0,0,0,1,10,0
U109,8,23,40,61,91,4,12,21,31,41,0,4,4,3,0,0,1,0,1,0,2,2,0,0,4,4,3,1,0,1,0,3,3,1,0,0,0,0,0,0,0,0,0,0,1,1,1,1,2,1,0,0,1,2,2,10,0
U108,3,10,18,26,42,2,5,11,18,30,0,2,4,1,1,0,1,0,1,3,2,2,0,0,2,4,1,1,0,1,2,2,3,1,0,0,0,0,0,0,0,0,0,0,1,1,1,2,14,1,0,0,0,0,2,4,0
U107,9,9,18,23,38,3,6,11,20,27,3,0,3,0,2,0,0,1,0,9,1,3,0,3,0,3,0,0,1,0,2,0,2,2,0,0,0,0,0,0,0,0,0,0,0,0,0,2,3,1,0,0,0,0,1,4,0
U106,9,15,21,40,56,3,7,12,21,32,2,2,1,2,2,0,1,0,9,0,1,2,0,2,2,1,2,1,0,2,0,16,2,1,0,0,0,0,0,0,0,0,0,0,0,0,0,1,4,1,0,0,0,0,1,3,0
U102,9,9,15,18,33,3,6,10,15,22,3,0,1,0,2,0,0,0,0,3,1,5,0,3,0,1,0,0,0,0,3,1,2,4,0,0,0,0,0,0,0,0,0,0,0,2,4,4,8,1,0,0,0,0,1,10,0
U101,6,12,14,21,31,2,6,11,16,24,1,3,1,0,2,0,0,0,2,2,1,4,0,1,3,1,0,0,0,2,1,6,2,3,0,0,0,0,0,0,0,0,0,0,1,2,3,3,3,1,0,0,0,0,1,5,0
U100,5,9,16,21,32,2,5,11,18,28,1,1,4,1,1,0,0,0,3,5,1,4,0,1,1,4,1,0,0,2,4,2,2,3,0,0,0,0,0,0,0,0,0,0,1,2,2,2,2,1,0,0,0,1,1,5,0
U99,2,5,9,16,21,1,3,6,12,19,0,1,1,4,1,0,0,1,4,0,2,3,0,0,1,1,4,0,0,4,0,1,3,3,0,0,0,0,0,0,0,0,0,0,0,0,0,1,1,1,0,0,0,0,2,10,0
U97,6,6,10,19,30,2,4,7,12,22,2,0,1,0,2,0,0,0,3,4,1,4,0,2,0,1,0,0,0,2,4,1,2,3,0,0,0,0,0,0,0,0,0,0,0,0,0,0,3,1,0,0,0,2,1,5,0
U96,2,6,12,14,21,1,3,7,12,17,0,1,3,1,0,0,0,0,1,4,2,4,0,0,1,3,1,0,0,0,4,0,3,4,0,0,0,0,0,0,0,0,0,0,0,0,0,0,0,1,0,0,0,0,2,10,0
U95,6,6,10,19,30,2,4,7,12,22,2,0,1,0,2,0,0,0,3,5,1,4,0,2,0,1,0,0,0,2,4,6,2,3,0,0,0,0,0,0,0,0,0,0,1,2,2,6,8,1,0,0,0,1,1,5,0
U94,6,12,14,21,31,2,6,11,16,24,1,3,1,0,2,0,0,0,1,4,1,4,0,1,3,1,0,0,0,1,2,9,2,3,0,0,0,0,0,0,0,0,0,0,1,2,2,6,7,1,0,0,0,0,1,5,0
U93,2,6,12,14,21,1,3,7,12,17,0,1,3,1,0,0,0,0,2,4,2,4,0,0,1,3,1,0,0,1,4,1,3,3,0,0,0,0,0,0,0,0,0,0,0,0,0,0,0,1,0,0,0,0,2,5,0
U92,6,10,12,22,33,4,8,12,19,29,0,2,1,4,1,0,0,1,4,0,2,3,0,0,2,1,4,0,0,4,0,1,3,3,0,0,0,0,0,0,0,0,0,0,2,2,2,2,2,1,0,0,0,0,2,10,0
U91,8,11,18,25,43,3,9,15,22,31,1,0,3,1,4,0,1,4,0,1,1,2,0,1,0,3,1,0,4,0,1,0,2,2,0,0,0,0,0,0,0,0,0,0,1,3,3,3,5,1,0,0,0,0,1,5,0
U90,6,11,16,27,41,2,6,14,21,29,1,1,1,3,1,0,1,1,1,0,1,2,0,1,1,1,3,1,0,1,0,1,2,1,0,0,0,0,0,0,0,0,0,0,0,1,3,3,4,1,0,1,0,0,1,4,0
U89,5,14,17,28,36,2,7,15,24,31,0,3,0,4,0,1,1,0,1,0,2,1,0,0,3,0,4,1,0,1,0,1,3,1,0,0,0,0,0,0,0,0,0,0,0,1,3,3,3,1,0,0,1,0,2,4,0
U88,5,13,20,29,40,2,7,16,25,34,0,2,2,3,1,0,1,0,1,0,2,2,0,0,2,2,3,1,0,1,0,1,3,1,0,0,0,0,0,0,0,0,0,0,0,1,3,3,3,1,0,0,1,0,2,4,0
U87,5,13,19,32,44,2,7,16,26,35,0,2,1,5,0,0,1,0,1,0,2,2,0,0,2,1,5,1,0,1,0,1,3,1,0,0,0,0,0,0,0,0,0,0,0,1,3,3,3,1,0,0,1,0,2,4,0
U85,12,12,16,28,33,4,8,13,18,25,4,0,1,0,1,0,0,0,0,1,1,5,0,4,0,1,0,0,0,0,1,4,2,4,0,0,0,0,0,0,0,0,0,0,0,0,4,4,4,1,0,0,0,0,1,10,0
U83,10,18,30,48,69,4,9,18,30,44,2,1,5,3,1,0,0,1,0,1,1,3,0,2,1,5,3,0,1,0,1,0,2,2,0,0,0,0,0,0,0,0,0,0,0,0,1,1,7,1,0,0,1,1,1,5,0
U82,6,17,27,40,61,3,8,15,24,35,0,4,3,2,0,0,0,1,0,1,2,3,0,0,4,3,2,0,1,0,1,0,3,2,0,0,0,0,0,0,0,0,0,0,0,0,0,1,3,1,0,0,0,1,2,5,0
U80,6,11,17,31,51,3,6,10,18,28,1,1,1,4,2,0,0,1,0,1,1,3,0,1,1,1,4,0,1,0,1,0,2,2,0,0,0,0,0,0,0,0,0,0,1,1,1,1,4,1,0,0,1,1,1,4,0
U79,6,6,9,16,26,2,4,7,11,19,2,0,1,0,1,0,0,0,1,8,1,4,0,2,0,1,0,0,0,0,8,1,2,4,0,0,0,0,0,0,0,0,0,0,1,1,3,3,4,1,0,0,0,0,0,10,0
U77,7,9,12,20,28,3,6,10,15,24,2,0,2,0,1,0,0,2,8,1,1,3,0,2,0,2,0,0,1,8,1,1,2,2,0,0,0,0,0,0,0,0,0,0,2,2,3,3,6,1,0,0,0,0,1,4,0
U75,9,20,32,50,81,4,10,18,28,40,1,3,4,1,1,0,0,1,1,1,1,3,0,1,3,4,1,0,1,0,1,0,2,2,0,0,0,0,0,0,0,0,0,0,1,1,1,1,6,1,0,0,0,1,1,4,0
U74,4,9,20,32,50,1,5,11,19,29,0,1,3,4,1,0,1,1,1,0,2,2,0,0,1,3,4,1,0,1,0,4,3,1,0,0,0,0,0,0,0,0,0,0,0,0,0,4,5,1,0,0,0,1,2,3,0
U73,0,0,0,0,0,0,0,0,0,0,0,0,0,0,0,0,0,0,1,0,10,4,0,0,0,0,0,0,0,1,0,1,10,3,0,0,0,0,0,0,0,0,0,0,0,1,1,1,5,1,0,0,0,0,0,5,0
U72,7,6,9,16,26,3,5,8,12,20,2,0,1,0,1,0,0,1,0,1,1,3,0,2,0,1,0,0,1,0,1,4,2,2,0,0,0,0,0,0,0,0,0,0,2,2,3,7,9,1,0,0,0,0,1,4,0
U71,8,12,21,31,45,3,7,15,25,38,2,1,5,1,1,0,0,1,0,1,1,3,0,2,1,5,1,0,1,0,1,0,2,2,0,0,0,0,0,0,0,0,0,0,0,0,1,1,2,1,0,0,0,0,1,4,0
U69,3,7,6,9,16,1,4,6,9,13,0,2,0,1,0,0,0,0,0,4,2,5,0,0,2,0,1,0,0,0,4,0,3,4,0,0,0,0,0,0,0,0,0,0,0,1,5,6,6,1,0,0,0,0,2,10,0
U68,2,6,6,10,19,1,3,5,8,13,0,2,0,1,0,0,0,0,0,4,2,5,0,0,2,0,1,0,0,0,4,0,3,4,0,0,0,0,0,0,0,0,0,0,0,0,4,4,4,1,0,0,0,0,2,10,0
U67,3,8,24,30,40,2,5,13,23,34,0,0,7,3,1,0,0,0,4,0,3,4,0,0,0,7,3,0,0,4,0,1,4,3,0,0,0,0,0,0,0,0,0,0,1,5,5,5,5,1,0,0,0,0,3,10,0
U66,3,6,15,30,39,2,5,11,20,31,0,0,2,6,3,0,0,0,4,0,3,4,0,0,0,2,6,0,0,4,0,1,4,3,0,0,0,0,0,0,0,0,0,0,1,6,7,7,8,1,0,0,0,0,3,10,0
U65,7,9,18,43,63,3,7,13,24,34,1,0,1,7,2,0,0,1,0,1,1,3,0,1,0,1,7,0,1,0,1,0,2,2,0,0,0,0,0,0,0,0,0,0,1,3,3,4,4,1,0,0,2,0,1,10,0
U64,4,7,9,18,43,1,4,8,14,24,0,1,0,1,7,0,1,0,1,0,2,2,0,0,1,0,1,1,0,1,0,1,3,1,0,0,0,0,0,0,0,0,0,0,0,0,2,3,5,1,0,0,2,0,2,10,0
U63,9,15,24,48,75,4,9,15,26,36,1,1,0,7,2,0,0,1,0,1,1,3,0,1,1,0,7,0,1,0,1,0,2,2,0,0,0,0,0,0,0,0,0,0,1,3,3,5,5,1,0,0,1,1,1,10,0
U62,4,9,15,24,48,1,5,10,16,26,0,1,1,0,7,0,1,0,1,0,2,2,0,0,1,1,0,1,0,1,0,1,3,1,0,0,0,0,0,0,0,0,0,0,0,0,2,3,5,1,0,0,1,1,2,10,0
U61,9,14,24,47,69,4,9,16,26,36,1,0,2,5,3,0,0,1,0,1,1,3,0,1,0,2,5,0,1,0,1,0,2,2,0,0,0,0,0,0,0,0,0,0,1,3,3,4,6,1,0,0,1,1,1,10,0
U60,4,9,14,24,47,1,5,10,17,26,0,1,0,2,5,0,1,0,1,0,2,2,0,0,1,0,2,1,0,1,0,1,3,1,0,0,0,0,0,0,0,0,0,0,0,0,2,3,4,1,0,0,1,1,2,10,0
U59,9,14,23,44,68,4,9,16,26,36,1,0,1,6,3,0,0,1,0,1,1,3,0,1,0,1,6,0,1,0,1,0,2,2,0,0,0,0,0,0,0,0,0,0,1,3,3,4,5,1,0,0,1,1,1,10,0
U58,4,9,14,23,44,1,5,10,17,26,0,1,0,1,6,0,1,0,1,0,2,2,0,0,1,0,1,1,0,1,0,1,3,1,0,0,0,0,0,0,0,0,0,0,0,0,2,3,4,1,0,0,1,1,2,10,0
U57,4,10,15,18,29,2,5,8,12,17,0,2,1,1,0,0,0,1,8,0,2,3,0,0,2,1,1,0,0,8,0,1,3,3,0,0,0,0,0,0,0,0,0,0,1,1,1,2,2,1,0,0,0,0,2,10,0
U56,8,13,21,29,47,3,7,12,19,27,1,2,1,2,1,0,0,1,0,1,1,3,0,1,2,1,2,0,1,0,1,0,2,2,0,0,0,0,0,0,0,0,0,0,0,1,1,2,3,1,0,0,1,0,1,10,0
U55,3,7,9,12,20,1,4,7,11,16,0,2,0,2,0,0,1,7,1,0,2,2,0,0,2,0,2,0,7,1,0,1,3,2,0,0,0,0,0,0,0,0,0,0,0,1,1,2,2,1,0,0,0,0,2,10,0
U51,6,10,18,26,38,3,6,11,17,24,1,0,4,0,2,0,0,1,0,1,1,3,0,1,0,4,0,0,1,0,1,0,2,2,0,0,0,0,0,0,0,0,0,0,1,1,1,1,3,1,0,0,0,0,0,10,0
U50,8,12,22,32,47,3,8,14,19,27,1,1,3,1,2,0,1,0,1,0,1,2,0,1,1,3,1,1,0,1,0,2,2,1,0,0,0,0,0,0,0,0,0,0,1,2,2,2,3,1,0,1,0,0,1,10,0
U48,6,10,19,29,41,3,6,11,17,24,1,0,4,0,3,0,0,1,0,1,1,3,0,1,0,4,0,0,1,0,1,0,2,2,0,0,0,0,0,0,0,0,0,0,1,1,1,2,3,1,0,0,0,0,0,10,0
U47,8,12,22,33,47,3,8,14,19,26,1,1,3,1,2,0,1,0,1,0,1,2,0,1,1,3,1,1,0,1,0,2,2,1,0,0,0,0,0,0,0,0,0,0,1,2,2,2,3,1,0,1,0,0,1,10,0
U45,6,10,19,29,41,3,6,11,17,24,1,0,4,0,3,0,0,1,0,1,1,3,0,1,0,4,0,0,1,0,1,0,2,2,0,0,0,0,0,0,0,0,0,0,1,1,1,2,3,1,0,0,0,0,0,10,0
U44,8,12,22,33,47,3,8,14,19,26,1,1,3,1,2,0,1,0,1,0,1,2,0,1,1,3,1,1,0,1,0,2,2,1,0,0,0,0,0,0,0,0,0,0,1,2,2,2,3,1,0,1,0,0,1,10,0
U42,6,10,19,29,41,3,6,11,17,24,1,0,4,0,3,0,0,1,0,1,1,3,0,1,0,4,0,0,1,0,1,0,2,2,0,0,0,0,0,0,0,0,0,0,1,1,1,2,3,1,0,0,0,0,0,10,0
U41,8,12,22,33,47,3,8,14,19,26,1,1,3,1,2,0,1,0,1,0,1,2,0,1,1,3,1,1,0,1,0,2,2,1,0,0,0,0,0,0,0,0,0,0,1,2,2,2,3,1,0,1,0,0,1,10,0
U39,6,10,19,29,41,3,6,11,17,24,1,0,4,0,3,0,0,1,0,1,1,3,0,1,0,4,0,0,1,0,1,0,2,2,0,0,0,0,0,0,0,0,0,0,1,1,1,2,3,1,0,0,0,0,0,10,0
U38,8,12,22,33,47,3,8,14,19,26,1,1,3,1,2,0,1,0,1,0,1,2,0,1,1,3,1,1,0,1,0,2,2,1,0,0,0,0,0,0,0,0,0,0,1,2,2,2,3,1,0,1,0,0,1,10,0
U36,6,10,19,29,41,3,6,11,17,24,1,0,4,0,3,0,0,1,0,1,1,3,0,1,0,4,0,0,1,0,1,0,2,2,0,0,0,0,0,0,0,0,0,0,1,1,1,2,3,1,0,0,0,0,0,10,0
U35,8,12,22,33,44,3,8,14,19,25,1,1,3,1,1,0,1,0,1,1,1,2,0,1,1,3,1,1,0,1,0,2,2,1,0,0,0,0,0,0,0,0,0,0,1,2,2,2,3,1,0,1,0,0,1,10,0
U33,6,10,19,29,38,3,6,11,17,23,1,0,4,0,2,0,1,1,0,1,1,2,0,1,0,4,0,0,1,0,1,0,2,2,0,0,0,0,0,0,0,0,0,0,1,1,1,2,3,1,0,0,0,0,0,10,0
U32,8,12,19,30,41,3,8,13,17,22,1,1,2,1,1,1,1,0,1,0,1,1,0,1,1,2,1,1,0,1,0,1,2,1,0,0,0,0,0,0,0,0,0,0,1,2,2,2,3,1,0,1,0,0,1,5,0
U31,9,14,22,31,51,4,8,13,20,29,2,2,2,2,1,0,0,1,0,2,1,3,0,2,2,2,2,0,1,0,2,0,2,2,0,0,0,0,0,0,0,0,0,0,2,2,2,2,4,1,0,0,1,0,1,5,0
U30,4,9,14,22,31,1,5,9,14,20,0,2,2,2,2,0,1,0,2,0,2,2,0,0,2,2,2,1,0,2,0,3,3,1,0,0,0,0,0,0,0,0,0,0,0,1,1,3,3,1,0,0,1,0,2,4,0
U29,9,14,20,32,54,4,8,13,20,30,2,2,1,2,2,0,0,1,0,2,1,3,0,2,2,1,2,0,1,0,2,0,2,2,0,0,0,0,0,0,0,0,0,0,2,2,3,3,5,1,0,0,1,0,1,10,0
U28,4,9,14,20,32,1,5,9,14,20,0,2,2,1,2,0,1,0,2,0,2,2,0,0,2,2,1,1,0,2,0,4,3,1,0,0,0,0,0,0,0,0,0,0,0,1,1,4,4,1,0,0,1,0,2,10,0
U27,9,14,20,32,54,4,8,13,20,30,2,2,1,2,2,0,0,1,0,2,1,3,0,2,2,1,2,0,1,0,2,0,2,2,0,0,0,0,0,0,0,0,0,0,2,2,3,3,5,1,0,0,1,0,1,10,0
U26,4,9,14,20,32,1,5,9,14,20,0,2,2,1,2,0,1,0,2,0,2,2,0,0,2,2,1,1,0,2,0,4,3,1,0,0,0,0,0,0,0,0,0,0,0,1,1,4,4,1,0,0,1,0,2,10,0
U25,9,14,20,32,54,4,8,13,20,30,2,2,1,2,2,0,0,1,0,2,1,3,0,2,2,1,2,0,1,0,2,0,2,2,0,0,0,0,0,0,0,0,0,0,2,2,3,3,5,1,0,0,1,0,1,10,0
U24,4,9,14,20,32,1,5,9,14,20,0,2,2,1,2,0,1,0,2,0,2,2,0,0,2,2,1,1,0,2,0,4,3,1,0,0,0,0,0,0,0,0,0,0,0,1,1,4,4,1,0,0,1,0,2,10,0
U23,9,14,20,32,54,4,8,13,20,30,2,2,1,2,2,0,0,1,0,2,1,3,0,2,2,1,2,0,1,0,2,0,2,2,0,0,0,0,0,0,0,0,0,0,2,2,3,3,5,1,0,0,1,0,1,10,0
U22,4,9,14,20,32,1,5,9,14,20,0,2,2,1,2,0,1,0,2,0,2,2,0,0,2,2,1,1,0,2,0,4,3,1,0,0,0,0,0,0,0,0,0,0,0,1,1,4,4,1,0,0,1,0,2,10,0
U21,9,14,20,32,54,4,8,13,20,30,2,2,1,2,2,0,0,1,0,2,1,3,0,2,2,1,2,0,1,0,2,0,2,2,0,0,0,0,0,0,0,0,0,0,2,2,3,3,5,1,0,0,1,0,1,10,0
U20,4,9,14,20,32,1,5,9,14,20,0,2,2,1,2,0,1,0,2,0,2,2,0,0,2,2,1,1,0,2,0,4,3,1,0,0,0,0,0,0,0,0,0,0,0,1,1,4,4,1,0,0,1,0,2,10,0
U19,9,14,20,32,54,4,8,13,20,30,2,2,1,2,2,0,0,1,0,2,1,3,0,2,2,1,2,0,1,0,2,0,2,2,0,0,0,0,0,0,0,0,0,0,2,2,3,3,5,1,0,0,1,0,1,10,0
U18,4,9,14,20,32,1,5,9,14,20,0,2,2,1,2,0,1,0,2,0,2,2,0,0,2,2,1,1,0,2,0,4,3,1,0,0,0,0,0,0,0,0,0,0,0,1,1,4,4,1,0,0,1,0,2,10,0
U17,9,14,20,32,55,4,8,13,20,30,2,2,1,2,2,0,0,1,0,2,1,3,0,2,2,1,2,0,1,0,2,0,2,2,0,0,0,0,0,0,0,0,0,0,2,2,3,3,4,1,0,0,1,0,1,10,0
U16,4,9,14,20,32,1,5,9,14,20,0,2,2,1,2,0,1,0,2,0,2,2,0,0,2,2,1,1,0,2,0,3,3,1,0,0,0,0,0,0,0,0,0,0,0,1,1,3,3,1,0,0,1,0,2,10,0
U15,9,9,18,23,38,3,6,11,20,27,3,0,3,0,2,0,0,0,0,4,1,5,0,3,0,3,0,0,0,0,4,0,2,4,0,0,0,0,0,0,0,0,0,0,0,0,4,6,7,1,0,0,0,0,1,10,0
U14,9,15,21,40,56,3,7,12,21,32,2,2,1,2,2,0,0,0,4,0,1,4,0,2,2,1,2,0,0,4,0,1,2,3,0,0,0,0,0,0,0,0,0,0,0,4,4,5,7,1,0,0,0,0,1,10,0
U13,10,17,24,38,67,4,9,16,24,35,1,2,3,2,2,0,0,1,0,1,1,3,0,1,2,3,2,0,1,0,1,0,2,2,0,0,0,0,0,0,0,0,0,0,1,1,1,1,3,1,0,0,1,1,1,10,0
U12,4,10,17,24,38,1,5,10,17,24,0,1,2,3,2,0,1,0,1,0,2,2,0,0,1,2,3,1,0,1,0,1,3,1,0,0,0,0,0,0,0,0,0,0,0,0,0,1,1,1,0,0,1,1,2,10,0
U11,8,12,19,28,51,3,7,13,20,30,1,2,3,1,2,0,0,1,0,1,1,3,0,1,2,3,1,0,1,0,1,0,2,2,0,0,0,0,0,0,0,0,0,0,1,1,1,1,2,1,0,0,2,0,1,10,0
U10,4,8,12,19,28,1,4,8,14,20,0,1,2,3,1,0,1,0,1,0,2,2,0,0,1,2,3,1,0,1,0,2,3,1,0,0,0,0,0,0,0,0,0,0,0,0,0,1,2,1,0,0,2,0,2,10,0
U9,10,18,25,36,68,4,9,15,23,34,1,3,2,2,2,0,0,1,0,1,1,3,0,1,3,2,2,0,1,0,1,0,2,2,0,0,0,0,0,0,0,0,0,0,1,1,1,2,3,1,0,0,1,1,1,10,0
U8,4,10,18,25,36,1,5,10,16,23,0,1,3,2,2,0,1,0,1,0,2,2,0,0,1,3,2,1,0,1,0,1,3,1,0,0,0,0,0,0,0,0,0,0,0,0,0,1,2,1,0,0,1,1,2,10,0
U7,10,17,25,35,65,4,9,16,24,36,1,2,4,1,3,0,0,1,0,1,1,3,0,1,2,4,1,0,1,0,1,0,2,2,0,0,0,0,0,0,0,0,0,0,1,1,1,1,4,1,0,0,1,1,1,10,0
U6,4,10,17,25,35,1,5,10,17,24,0,1,2,4,1,0,1,0,1,0,2,2,0,0,1,2,4,1,0,1,0,1,3,1,0,0,0,0,0,0,0,0,0,0,0,0,0,1,1,1,0,0,1,1,2,10,0
U5,9,9,15,28,40,3,6,11,18,31,3,0,2,0,2,0,0,0,0,0,1,10,0,3,0,2,0,0,0,0,0,0,2,10,0,0,0,0,0,0,0,0,0,0,0,0,1,2,4,1,0,0,0,0,1,2,0
U4,9,15,18,32,52,3,6,11,17,28,2,1,2,0,1,0,0,0,0,0,1,10,0,2,1,2,0,0,0,0,0,0,2,10,0,0,0,0,0,0,0,0,0,0,0,0,1,1,3,1,0,0,0,0,1,1,0
U3,9,15,21,31,47,3,7,11,17,27,2,1,1,1,0,0,0,0,0,0,1,10,0,2,1,1,1,0,0,0,0,0,2,10,0,0,0,0,0,0,0,0,0,0,0,0,1,1,3,1,0,0,0,0,1,0,0
U290,2,0,0,0,0,1,1,1,1,1,0,0,0,0,0,0,8,0,8,0,10,2,0,0,0,0,0,1,0,15,0,1,10,1,1,0,0,0,0,1,0,0,0,0,0,0,0,0,0,1,0,0,0,0,1,2,0
U289,0,0,0,0,0,0,0,0,0,0,0,0,0,0,0,0,0,8,0,8,10,3,0,0,0,0,0,0,1,0,15,0,10,2,0,0,0,0,0,0,0,0,0,0,1,1,1,1,1,1,0,0,0,0,0,3,0
iXMIT_bitCell_cntrH_reg_2_,3,5,8,18,28,1,3,6,13,21,0,1,0,3,0,0,1,0,2,0,2,2,1,0,1,0,2,1,0,2,0,4,1,1,0,0,0,0,0,0,0,0,0,0,0,0,2,4,4,1,0,0,1,0,0,5,0
iXMIT_state_reg_0_,3,5,10,20,36,1,3,6,15,23,0,1,0,3,2,0,1,1,8,8,2,2,1,0,1,0,2,1,0,7,8,2,1,1,0,0,0,0,0,0,0,0,0,0,0,3,3,6,9,1,0,0,1,2,0,2,0
iXMIT_state_reg_2_,3,4,7,11,26,1,3,5,10,17,0,1,0,1,2,1,1,0,4,8,2,1,1,0,1,0,1,1,0,4,7,5,1,1,0,0,0,0,0,0,0,0,0,0,0,5,5,5,9,1,0,0,0,1,0,1,0
iXMIT_state_reg_1_,3,5,9,18,30,1,3,6,13,19,0,1,0,3,0,0,1,1,3,2,2,2,1,0,1,0,2,1,0,3,1,11,1,1,0,0,0,0,0,0,0,0,0,0,0,3,4,7,11,1,0,0,1,1,0,1,0
iXMIT_bitCountH_reg_0_,3,4,7,12,17,1,3,5,10,16,0,1,0,2,0,0,1,0,2,0,2,2,1,0,1,0,1,1,0,2,0,2,1,1,0,0,0,0,0,0,0,0,0,0,0,1,2,3,6,1,0,0,2,0,0,5,0
iXMIT_bitCountH_reg_1_,3,4,7,13,22,1,3,5,11,16,0,1,0,2,0,0,1,0,2,0,2,2,1,0,1,0,1,1,0,2,0,1,1,1,0,0,0,0,0,0,0,0,0,0,0,1,1,3,6,1,0,0,1,1,0,5,0
iXMIT_bitCountH_reg_2_,3,4,7,13,21,1,3,5,11,17,0,1,0,2,0,0,1,0,2,0,2,2,1,0,1,0,1,1,0,2,0,1,1,1,0,0,0,0,0,0,0,0,0,0,0,1,1,3,6,1,0,0,1,1,0,5,0
iXMIT_bitCountH_reg_3_,3,4,7,13,21,1,3,5,11,17,0,1,0,2,0,0,1,0,2,1,2,2,1,0,1,0,1,1,0,2,0,6,1,1,0,0,0,0,0,0,0,0,0,0,0,1,1,5,8,1,0,0,1,1,0,4,0
iXMIT_xmit_ShiftRegH_reg_7_,3,5,8,15,24,1,3,6,12,17,0,1,0,2,2,0,1,0,3,0,2,2,1,0,1,0,1,1,0,3,0,1,1,1,0,0,0,0,0,0,0,0,0,0,0,0,0,1,2,1,0,0,1,0,0,3,0
iXMIT_xmit_ShiftRegH_reg_6_,3,6,11,18,30,1,3,7,13,19,0,1,1,2,2,0,1,1,2,0,2,2,1,0,1,0,2,1,1,2,0,1,1,1,0,0,0,0,0,0,0,0,0,0,0,0,1,2,2,1,0,1,0,0,0,4,0
iXMIT_xmit_ShiftRegH_reg_5_,3,6,11,18,30,1,3,7,13,19,0,1,1,2,2,0,1,1,2,0,2,2,1,0,1,0,2,1,1,2,0,1,1,1,0,0,0,0,0,0,0,0,0,0,0,0,1,2,2,1,0,1,0,0,0,4,0
iXMIT_xmit_ShiftRegH_reg_4_,3,6,11,18,30,1,3,7,13,19,0,1,1,2,2,0,1,1,2,0,2,2,1,0,1,0,2,1,1,2,0,1,1,1,0,0,0,0,0,0,0,0,0,0,0,0,1,2,2,1,0,1,0,0,0,10,0
iXMIT_xmit_ShiftRegH_reg_3_,3,6,11,18,30,1,3,7,13,19,0,1,1,2,2,0,1,1,2,0,2,2,1,0,1,0,2,1,1,2,0,1,1,1,0,0,0,0,0,0,0,0,0,0,0,0,1,2,2,1,0,1,0,0,0,10,0
iXMIT_xmit_ShiftRegH_reg_2_,3,6,11,18,30,1,3,7,13,19,0,1,1,2,2,0,1,1,2,0,2,2,1,0,1,0,2,1,1,2,0,1,1,1,0,0,0,0,0,0,0,0,0,0,0,0,1,2,2,1,0,1,0,0,0,10,0
iXMIT_xmit_ShiftRegH_reg_1_,3,6,11,18,30,1,3,7,13,18,0,1,1,2,1,0,1,2,2,0,2,2,1,0,1,0,2,1,1,2,0,1,1,1,0,0,0,0,0,0,0,0,0,0,0,0,1,2,2,1,0,1,0,0,0,10,0
iXMIT_xmit_doneH_reg,3,5,9,17,23,1,3,6,13,21,0,1,0,4,1,0,1,0,1,0,2,2,1,0,1,0,4,1,0,1,0,1,1,1,0,0,0,0,0,0,0,0,0,0,0,0,0,1,1,1,0,0,0,0,0,1,0
iRECEIVER_state_reg_1_,3,7,11,30,53,1,3,8,17,27,0,1,0,4,4,0,1,0,4,5,2,2,1,0,1,0,3,1,0,4,4,6,1,1,0,0,0,0,0,0,0,0,0,0,0,0,1,5,13,1,0,0,1,2,0,4,0
iRECEIVER_state_reg_0_,3,7,16,28,49,1,3,8,18,31,0,1,1,4,6,0,1,1,1,25,2,2,1,0,1,1,4,1,1,1,18,1,1,1,0,0,0,0,0,0,0,0,0,0,0,1,13,14,14,1,0,0,0,2,0,4,0
iRECEIVER_bitCell_cntrH_reg_0_,3,2,5,9,13,1,2,4,6,11,0,0,1,0,3,0,1,1,1,3,3,2,1,0,0,0,0,1,1,1,3,1,1,1,0,0,0,0,0,0,0,0,0,0,0,2,2,2,2,1,0,1,0,0,0,10,0
iRECEIVER_bitCell_cntrH_reg_1_,3,5,7,14,22,1,3,6,10,15,0,1,0,1,3,0,1,0,2,3,2,2,1,0,1,0,0,1,0,2,3,1,1,1,0,0,0,0,0,0,0,0,0,0,0,2,2,2,2,1,0,0,1,0,0,10,0
iRECEIVER_bitCell_cntrH_reg_2_,3,5,7,16,27,1,3,6,12,19,0,1,0,2,3,0,1,0,2,3,2,2,1,0,1,0,1,1,0,2,3,2,1,1,0,0,0,0,0,0,0,0,0,0,0,2,2,2,2,1,0,0,1,0,0,10,0
iRECEIVER_bitCell_cntrH_reg_3_,3,5,7,16,26,1,3,6,12,20,0,1,0,2,3,0,1,0,3,3,2,2,1,0,1,0,1,1,0,3,3,3,1,1,0,0,0,0,0,0,0,0,0,0,0,2,2,3,3,1,0,0,1,0,0,10,0
iRECEIVER_state_reg_2_,3,5,6,14,26,1,3,6,9,18,0,1,0,1,4,0,1,3,2,24,2,2,1,0,1,0,1,1,2,2,17,2,1,1,0,0,0,0,0,0,0,0,0,0,0,1,14,16,18,1,0,0,0,0,0,4,0
iRECEIVER_rec_readyH_reg,3,6,12,15,21,1,3,7,11,16,0,1,2,2,1,0,9,0,9,0,2,2,1,0,1,2,2,2,0,16,0,3,1,1,0,0,0,0,0,0,0,0,0,0,0,0,0,1,2,1,0,0,0,0,0,1,0
iRECEIVER_par_dataH_reg_7_,3,4,7,13,21,1,3,5,11,16,0,1,0,3,2,0,2,0,4,0,2,2,1,0,1,0,2,2,0,4,0,5,1,1,0,0,0,0,0,0,0,0,0,0,0,2,2,3,3,1,0,0,1,0,0,2,0
rec_dataH_temp_reg_7_,6,10,14,17,30,2,6,10,15,22,0,3,0,3,2,0,1,0,1,0,2,2,2,0,3,0,3,1,0,1,0,2,1,1,0,0,1,0,1,0,0,1,0,1,0,1,1,2,2,1,0,0,0,0,0,0,0
rec_dataH_reg_7_,3,6,9,13,17,1,3,6,11,16,0,2,0,4,0,0,1,0,2,0,2,2,1,0,3,0,4,1,0,2,0,2,1,1,0,0,0,0,1,0,0,0,0,1,0,0,0,1,1,1,0,0,0,0,0,0,0
iRECEIVER_par_dataH_reg_6_,3,4,7,13,21,1,3,5,11,16,0,1,0,3,2,0,2,0,5,0,2,2,1,0,1,0,2,2,0,5,0,3,1,1,0,0,0,0,0,0,0,0,0,0,0,2,2,4,4,1,0,0,1,0,0,4,0
rec_dataH_temp_reg_6_,6,10,14,17,30,2,6,10,15,22,0,3,0,3,2,0,2,0,1,0,2,2,2,0,3,0,3,2,0,1,0,1,1,1,0,0,1,0,1,0,0,1,0,1,0,1,1,2,2,1,0,0,0,0,0,2,0
rec_dataH_reg_6_,3,6,9,13,17,1,3,6,11,16,0,2,0,4,0,0,1,0,1,0,2,2,1,0,3,0,4,1,0,1,0,2,1,1,0,0,0,0,1,0,0,0,0,1,0,0,0,1,1,1,0,0,0,0,0,0,0
iRECEIVER_par_dataH_reg_5_,3,4,7,13,21,1,3,5,11,16,0,1,0,3,2,0,2,0,5,0,2,2,1,0,1,0,2,2,0,5,0,4,1,1,0,0,0,0,0,0,0,0,0,0,0,2,2,4,4,1,0,0,1,0,0,4,0
rec_dataH_temp_reg_5_,6,10,14,17,30,2,6,10,15,22,0,3,0,3,2,0,2,0,2,0,2,2,2,0,3,0,3,2,0,2,0,1,1,1,0,0,1,0,1,0,0,1,0,1,0,1,1,2,2,1,0,0,0,0,0,2,0
rec_dataH_reg_5_,3,6,9,13,17,1,3,6,11,16,0,2,0,4,0,0,1,0,1,0,2,2,1,0,3,0,4,1,0,1,0,1,1,1,0,0,0,0,1,0,0,0,0,1,0,0,0,1,1,1,0,0,0,0,0,0,0
iRECEIVER_par_dataH_reg_4_,3,4,7,13,21,1,3,5,11,16,0,1,0,3,2,0,2,0,5,0,2,2,1,0,1,0,2,2,0,5,0,4,1,1,0,0,0,0,0,0,0,0,0,0,0,2,2,4,4,1,0,0,1,0,0,4,0
rec_dataH_temp_reg_4_,6,10,14,17,30,2,6,10,15,22,0,3,0,3,2,0,2,0,2,0,2,2,2,0,3,0,3,2,0,2,0,2,1,1,0,0,1,0,1,0,0,1,0,1,0,1,1,2,2,1,0,0,0,0,0,2,0
rec_dataH_reg_4_,3,6,9,13,17,1,3,6,11,16,0,2,0,4,0,0,1,0,1,0,2,2,1,0,3,0,4,1,0,1,0,1,1,1,0,0,0,0,1,0,0,0,0,1,0,0,0,1,1,1,0,0,0,0,0,0,0
iRECEIVER_par_dataH_reg_3_,3,4,7,13,21,1,3,5,11,16,0,1,0,3,2,0,2,0,5,0,2,2,1,0,1,0,2,2,0,5,0,4,1,1,0,0,0,0,0,0,0,0,0,0,0,2,2,4,4,1,0,0,1,0,0,4,0
rec_dataH_temp_reg_3_,6,10,14,17,30,2,6,10,15,22,0,3,0,3,2,0,2,0,2,0,2,2,2,0,3,0,3,2,0,2,0,2,1,1,0,0,1,0,1,0,0,1,0,1,0,1,1,2,2,1,0,0,0,0,0,2,0
rec_dataH_reg_3_,3,6,9,13,17,1,3,6,11,16,0,2,0,4,0,0,1,0,1,0,2,2,1,0,3,0,4,1,0,1,0,1,1,1,0,0,0,0,1,0,0,0,0,1,0,0,0,1,1,1,0,0,0,0,0,0,0
iRECEIVER_par_dataH_reg_2_,3,4,7,13,21,1,3,5,11,16,0,1,0,3,2,0,2,0,5,0,2,2,1,0,1,0,2,2,0,5,0,4,1,1,0,0,0,0,0,0,0,0,0,0,0,2,2,4,4,1,0,0,1,0,0,4,0
rec_dataH_temp_reg_2_,6,10,14,17,30,2,6,10,15,22,0,3,0,3,2,0,2,0,2,0,2,2,2,0,3,0,3,2,0,2,0,2,1,1,0,0,1,0,1,0,0,1,0,1,0,1,1,2,2,1,0,0,0,0,0,2,0
rec_dataH_reg_2_,3,6,9,13,17,1,3,6,11,16,0,2,0,4,0,0,1,0,1,0,2,2,1,0,3,0,4,1,0,1,0,1,1,1,0,0,0,0,1,0,0,0,0,1,0,0,0,1,1,1,0,0,0,0,0,0,0
iRECEIVER_par_dataH_reg_1_,3,4,7,13,21,1,3,5,11,16,0,1,0,3,2,0,2,0,5,0,2,2,1,0,1,0,2,2,0,5,0,4,1,1,0,0,0,0,0,0,0,0,0,0,0,2,2,4,4,1,0,0,1,0,0,4,0
rec_dataH_temp_reg_1_,6,10,14,17,27,2,6,10,15,22,0,3,0,3,2,0,2,0,2,0,2,2,2,0,3,0,3,2,0,2,0,2,1,1,0,0,1,0,1,0,0,1,0,1,0,1,1,2,2,1,0,0,0,0,0,2,0
rec_dataH_reg_1_,3,6,9,13,17,1,3,6,11,16,0,2,0,4,0,0,1,0,1,0,2,2,1,0,3,0,4,1,0,1,0,1,1,1,0,0,0,0,1,0,0,0,0,1,0,0,0,1,1,1,0,0,0,0,0,0,0
iRECEIVER_par_dataH_reg_0_,3,4,7,14,21,1,3,5,11,17,0,1,0,3,2,0,2,0,4,0,2,2,1,0,1,0,2,2,0,4,0,3,1,1,0,0,0,0,0,0,0,0,0,0,0,1,1,3,3,1,0,0,1,0,0,4,0
rec_dataH_temp_reg_0_,6,10,11,16,28,2,6,10,16,24,0,3,0,4,2,0,2,0,2,0,2,2,2,0,3,0,4,2,0,2,0,2,1,1,0,0,1,0,0,0,0,1,0,0,0,1,1,2,2,1,0,0,0,0,0,2,0
rec_dataH_reg_0_,3,6,9,15,20,1,3,6,12,19,0,2,0,4,0,0,1,0,1,0,2,2,1,0,3,0,4,1,0,1,0,1,1,1,0,0,0,0,1,0,0,0,0,1,0,0,0,1,1,1,0,0,0,0,0,0,0
iRECEIVER_recd_bitCntrH_reg_3_,3,4,7,14,24,1,3,5,11,17,0,1,0,2,2,0,1,0,2,1,2,2,1,0,1,0,1,1,0,2,1,1,1,1,0,0,0,0,0,0,0,0,0,0,0,1,1,3,13,1,0,0,1,1,0,10,0
iRECEIVER_recd_bitCntrH_reg_0_,3,4,7,14,18,1,3,5,10,15,0,1,0,2,2,0,1,0,3,0,2,2,1,0,1,0,1,1,0,3,0,2,1,1,0,0,0,0,0,0,0,0,0,0,0,1,2,3,4,1,0,0,2,0,0,10,0
iRECEIVER_recd_bitCntrH_reg_1_,3,4,7,14,25,1,3,5,11,16,0,1,0,2,2,0,1,0,2,1,2,2,1,0,1,0,1,1,0,2,1,0,1,1,0,0,0,0,0,0,0,0,0,0,0,1,1,3,4,1,0,0,1,1,0,10,0
iRECEIVER_recd_bitCntrH_reg_2_,3,4,7,14,24,1,3,5,11,17,0,1,0,2,2,0,1,0,2,0,2,2,1,0,1,0,1,1,0,2,0,1,1,1,0,0,0,0,0,0,0,0,0,0,0,1,1,3,3,1,0,0,1,1,0,10,0
iXMIT_bitCell_cntrH_reg_3_,3,5,8,18,27,1,3,6,13,22,0,1,0,3,0,0,1,0,2,0,2,2,1,0,1,0,2,1,0,2,0,4,1,1,0,0,0,0,0,0,0,0,0,0,0,0,2,5,6,1,0,0,1,0,0,5,0
iXMIT_bitCell_cntrH_reg_0_,3,5,9,16,22,1,3,6,11,20,0,1,1,2,0,1,1,1,1,3,2,1,1,0,1,0,2,1,1,1,3,2,1,1,0,0,0,0,0,0,0,0,0,0,0,2,4,4,9,1,0,1,0,0,0,5,0
iXMIT_bitCell_cntrH_reg_1_,3,5,8,19,26,1,3,6,12,19,0,1,0,3,0,0,1,1,2,0,2,2,1,0,1,0,2,1,0,2,0,4,1,1,0,0,0,0,0,0,0,0,0,0,0,0,2,4,4,1,0,0,1,0,0,10,0
iXMIT_xmit_ShiftRegH_reg_0_,3,6,11,16,26,1,3,7,13,18,0,1,1,2,1,0,2,1,1,0,2,2,1,0,1,0,2,1,1,1,0,1,1,1,0,0,0,0,0,0,0,0,0,0,0,0,1,3,3,1,0,1,0,0,0,3,0
iRECEIVER_rec_datSyncH_reg,3,3,3,6,6,1,2,3,5,6,0,1,0,2,0,0,2,0,10,0,2,2,1,0,1,0,1,2,0,3,0,19,1,1,0,0,0,0,0,0,0,0,0,0,0,0,0,1,1,1,0,0,1,0,0,3,0
iRECEIVER_rec_datH_reg,3,6,6,7,10,1,3,5,8,10,0,2,0,2,0,0,1,0,5,0,2,2,1,0,2,0,1,1,0,5,0,7,1,1,0,0,0,0,0,0,0,0,0,0,0,1,1,5,5,1,0,0,1,0,0,5,0
U291,4,5,6,12,15,2,4,6,10,14,1,0,1,2,2,8,0,8,0,0,1,1,0,1,0,1,2,0,15,0,1,0,2,2,0,1,0,0,0,0,1,0,0,0,1,1,1,1,1,1,0,0,0,0,0,1,0
U1,5,7,16,26,41,2,5,11,20,27,1,0,2,3,1,1,0,1,0,2,1,1,0,1,0,2,3,0,1,0,3,3,2,2,0,0,0,0,0,0,0,0,0,0,0,0,2,2,3,1,0,0,1,0,0,10,0
U2,5,7,16,27,39,2,5,11,19,25,1,0,2,3,0,1,0,1,0,1,1,1,0,1,0,2,3,0,1,0,2,3,2,2,0,0,0,0,0,0,0,0,0,0,0,0,2,2,2,1,0,0,1,0,0,10,0
U34,5,7,14,22,33,2,5,9,15,20,1,0,1,3,0,1,0,1,0,1,1,1,0,1,0,1,3,0,1,0,2,3,2,2,0,0,0,0,0,0,0,0,0,0,0,0,2,2,2,1,0,0,1,0,0,10,0
U37,2,5,9,13,22,1,3,6,11,16,0,1,0,3,0,1,0,1,0,1,2,1,0,0,1,0,3,0,1,1,1,3,3,2,0,0,0,0,0,0,0,0,0,0,0,0,2,2,2,1,0,1,0,0,0,10,0
U40,7,16,28,49,74,2,7,17,30,46,1,1,4,6,3,1,0,1,1,1,1,1,0,1,1,4,6,0,1,1,1,18,2,2,0,0,0,0,0,0,0,0,0,0,0,0,3,14,15,1,0,0,0,2,0,5,0
U43,7,11,30,53,80,2,7,16,27,39,1,0,4,4,4,1,0,1,0,3,1,1,0,1,0,4,4,0,1,0,4,4,2,2,0,0,0,0,0,0,0,0,0,0,0,1,1,1,6,1,0,0,1,2,0,5,0
U46,5,9,17,23,41,2,5,12,20,33,1,0,4,1,5,1,0,1,0,1,1,1,0,1,0,4,1,0,1,0,1,0,2,2,0,0,0,0,0,0,0,0,0,0,0,0,1,1,3,1,0,0,0,0,0,2,0
U49,6,11,18,30,39,2,6,13,18,22,1,1,2,1,1,1,0,1,1,2,1,1,0,1,1,2,1,0,1,1,2,0,2,2,0,0,0,0,0,0,0,0,0,0,0,1,2,2,3,1,0,1,0,0,0,10,0
U52,6,11,18,30,41,2,6,13,19,24,1,1,2,2,1,1,0,1,0,2,1,1,0,1,1,2,2,0,1,1,2,0,2,2,0,0,0,0,0,0,0,0,0,0,0,1,2,2,2,1,0,1,0,0,0,10,0
U53,6,11,18,30,44,2,6,13,19,25,1,1,2,2,2,1,0,1,0,2,1,1,0,1,1,2,2,0,1,1,2,0,2,2,0,0,0,0,0,0,0,0,0,0,0,1,2,2,2,1,0,1,0,0,0,10,0
U54,6,11,18,30,44,2,6,13,19,25,1,1,2,2,2,1,0,1,0,2,1,1,0,1,1,2,2,0,1,1,2,0,2,2,0,0,0,0,0,0,0,0,0,0,0,1,2,2,2,1,0,1,0,0,0,10,0
U70,6,11,18,30,44,2,6,13,19,25,1,1,2,2,2,1,0,1,0,2,1,1,0,1,1,2,2,0,1,1,2,0,2,2,0,0,0,0,0,0,0,0,0,0,0,1,2,2,2,1,0,1,0,0,0,5,0
U76,6,11,18,30,43,2,6,13,19,25,1,1,2,2,2,1,0,1,0,2,1,1,0,1,1,2,2,0,1,1,2,0,2,2,0,0,0,0,0,0,0,0,0,0,0,1,2,2,2,1,0,1,0,0,0,5,0
U78,5,8,15,24,38,2,5,11,17,22,1,0,2,2,1,1,0,1,0,2,1,1,0,1,0,2,2,0,1,0,3,0,2,2,0,0,0,0,0,0,0,0,0,0,0,0,1,2,2,1,0,0,1,0,0,4,0
U81,4,7,13,21,33,2,4,10,17,25,1,0,2,0,1,1,0,1,0,1,1,1,0,1,0,2,0,0,1,0,2,0,2,2,0,0,0,0,0,0,0,0,0,0,1,1,2,4,7,1,0,0,1,1,0,5,0
U84,4,7,13,21,34,2,4,10,17,24,1,0,2,0,1,1,0,1,0,1,1,1,0,1,0,2,0,0,1,0,2,0,2,2,0,0,0,0,0,0,0,0,0,0,1,1,2,4,6,1,0,0,1,1,0,10,0
U86,4,7,13,22,33,2,4,10,16,22,1,0,2,0,1,1,0,1,0,1,1,1,0,1,0,2,0,0,1,0,2,0,2,2,0,0,0,0,0,0,0,0,0,0,1,1,2,4,5,1,0,0,1,1,0,10,0
U98,4,7,12,17,33,2,4,9,16,26,1,0,2,0,2,1,0,1,0,1,1,1,0,1,0,2,0,0,1,0,2,0,2,2,0,0,0,0,0,0,0,0,0,0,1,1,1,4,6,1,0,0,2,0,0,10,0
U103,5,9,18,30,43,2,5,12,19,28,1,0,3,0,2,1,0,1,1,2,1,1,0,1,0,3,0,0,1,0,3,1,2,2,0,0,0,0,0,0,0,0,0,0,0,0,4,5,8,1,0,0,1,1,0,2,0
U104,4,7,11,26,45,2,4,9,16,26,1,0,1,2,4,1,1,1,0,4,1,1,0,1,0,1,2,0,1,0,4,7,2,2,0,0,0,0,0,0,0,0,0,0,1,1,5,5,6,1,0,0,0,1,0,2,0
U105,5,10,20,36,52,2,5,14,23,35,1,0,3,2,5,1,0,1,1,7,1,1,0,1,0,3,2,0,1,0,7,8,2,2,0,0,0,0,0,0,0,0,0,0,0,0,4,4,7,1,0,0,1,2,0,3,0
U110,5,8,18,28,42,2,5,12,21,29,1,0,3,0,4,1,0,1,0,1,1,1,0,1,0,3,0,0,1,0,2,0,2,2,0,0,0,0,0,0,0,0,0,0,0,0,1,3,4,1,0,0,1,0,0,10,0
U115,6,6,7,10,16,2,4,7,10,14,2,0,2,0,1,1,0,1,0,4,1,1,0,2,0,2,0,0,1,0,5,0,2,2,0,0,0,0,0,0,0,0,0,0,0,0,1,1,7,1,0,0,1,0,0,10,0
U119,3,3,6,6,7,1,2,4,6,8,1,0,2,0,1,1,0,2,0,9,1,1,0,1,0,2,0,0,2,0,3,0,2,2,0,0,0,0,0,0,0,0,0,0,0,0,0,0,1,1,0,0,1,0,0,4,0
U121,6,11,16,26,38,2,6,13,18,24,1,1,2,1,0,1,0,2,0,1,1,1,0,1,1,2,1,0,1,1,1,0,2,2,0,0,0,0,0,0,0,0,0,0,0,1,3,3,3,1,0,1,0,0,0,4,0
U122,5,8,19,26,41,2,5,11,19,27,1,0,3,0,4,1,0,1,1,1,1,1,0,1,0,3,0,0,1,0,2,0,2,2,0,0,0,0,0,0,0,0,0,0,0,0,1,3,4,1,0,0,1,0,0,10,0
U130,5,9,16,22,41,2,5,11,20,29,1,1,2,0,4,1,1,1,0,1,1,1,0,1,1,2,0,0,1,1,1,3,2,2,0,0,0,0,0,0,0,0,0,0,0,0,3,5,5,1,0,1,0,0,0,10,0
U133,5,8,18,27,41,2,5,12,22,30,1,0,3,0,4,1,0,1,0,1,1,1,0,1,0,3,0,0,1,0,2,0,2,2,0,0,0,0,0,0,0,0,0,0,0,0,1,3,5,1,0,0,1,0,0,10,0
U134,4,7,14,24,36,2,4,10,17,24,1,0,2,2,3,1,0,1,0,1,1,1,0,1,0,2,2,0,1,0,2,0,2,2,0,0,0,0,0,0,0,0,0,0,1,1,2,2,4,1,0,0,1,1,0,10,0
U136,4,7,14,25,36,2,4,10,16,22,1,0,2,2,3,1,0,1,0,1,1,1,0,1,0,2,2,0,1,0,2,1,2,2,0,0,0,0,0,0,0,0,0,0,1,1,2,2,3,1,0,0,1,1,0,10,0
U139,4,7,14,18,19,2,4,9,15,19,1,0,2,2,2,1,0,1,0,2,1,1,0,1,0,2,2,0,1,0,3,0,2,2,0,0,0,0,0,0,0,0,0,0,1,1,1,2,3,1,0,0,2,0,0,10,0
U140,4,7,14,24,35,2,4,10,17,25,1,0,2,2,3,1,0,1,0,1,1,1,0,1,0,2,2,0,1,0,2,1,2,2,0,0,0,0,0,0,0,0,0,0,1,1,2,2,4,1,0,0,1,1,0,10,0
U141,6,9,15,20,33,2,5,11,18,31,2,0,4,0,8,1,0,1,0,1,1,1,0,3,0,4,0,0,1,0,1,0,2,2,0,0,0,1,0,0,0,0,1,0,0,0,1,1,3,1,0,0,0,0,0,1,0
U142,6,6,10,16,27,2,4,8,13,23,2,0,3,0,6,1,0,2,0,2,1,1,0,2,0,4,0,0,2,0,2,0,2,2,0,0,0,0,0,0,0,0,0,0,0,0,1,1,3,1,0,0,0,0,0,3,0
U143,4,7,14,21,33,2,4,10,17,25,1,0,3,2,1,1,0,2,0,3,1,1,0,1,0,3,2,0,2,0,4,0,2,2,0,0,0,0,0,0,0,0,0,0,1,1,2,2,3,1,0,0,1,0,0,5,0
U144,6,9,13,17,22,2,5,10,15,22,2,0,4,0,4,1,0,1,0,1,1,1,0,3,0,4,0,0,1,0,1,0,2,2,0,0,0,1,0,0,0,0,1,0,0,0,1,1,2,1,0,0,0,0,0,1,0
U145,6,9,11,15,25,2,5,10,15,24,2,0,3,0,5,1,0,2,0,2,1,1,0,3,0,3,0,0,2,0,2,0,2,2,0,0,0,1,0,0,0,0,1,0,0,0,2,2,4,1,0,0,0,0,0,3,0
U146,4,7,13,21,28,2,4,10,16,21,1,0,3,2,1,1,0,2,0,4,1,1,0,1,0,3,2,0,2,0,5,0,2,2,0,0,0,0,0,0,0,0,0,0,1,1,3,3,4,1,0,0,1,0,0,5,0
U147,6,9,13,17,20,2,5,10,15,21,2,0,4,0,4,1,0,1,0,1,1,1,0,3,0,4,0,0,1,0,1,0,2,2,0,0,0,1,0,0,0,0,1,0,0,0,1,1,2,1,0,0,0,0,0,1,0
U148,6,9,11,18,26,2,5,10,15,23,2,0,3,0,4,1,0,2,0,2,1,1,0,3,0,3,0,0,2,0,2,0,2,2,0,0,0,1,0,0,0,0,1,0,0,0,2,2,4,1,0,0,0,0,0,3,0
U149,4,7,13,21,27,2,4,10,16,21,1,0,3,2,1,1,0,2,0,4,1,1,0,1,0,3,2,0,2,0,5,0,2,2,0,0,0,0,0,0,0,0,0,0,1,1,3,3,5,1,0,0,1,0,0,5,0
U150,6,9,13,17,20,2,5,10,15,21,2,0,4,0,4,1,0,1,0,1,1,1,0,3,0,4,0,0,1,0,1,0,2,2,0,0,0,1,0,0,0,0,1,0,0,0,1,1,2,1,0,0,0,0,0,1,0
U151,6,9,11,18,26,2,5,10,15,23,2,0,3,0,4,1,0,2,0,2,1,1,0,3,0,3,0,0,2,0,2,0,2,2,0,0,0,1,0,0,0,0,1,0,0,0,2,2,4,1,0,0,0,0,0,3,0
U152,4,7,13,21,27,2,4,10,16,21,1,0,3,2,1,1,0,2,0,4,1,1,0,1,0,3,2,0,2,0,5,0,2,2,0,0,0,0,0,0,0,0,0,0,1,1,3,3,5,1,0,0,1,0,0,5,0
U153,6,9,13,17,20,2,5,10,15,21,2,0,4,0,4,1,0,1,0,1,1,1,0,3,0,4,0,0,1,0,1,0,2,2,0,0,0,1,0,0,0,0,1,0,0,0,1,1,2,1,0,0,0,0,0,1,0
U154,6,9,11,18,26,2,5,10,15,23,2,0,3,0,4,1,0,2,0,2,1,1,0,3,0,3,0,0,2,0,2,0,2,2,0,0,0,1,0,0,0,0,1,0,0,0,2,2,4,1,0,0,0,0,0,3,0
U155,4,7,13,21,27,2,4,10,16,21,1,0,3,2,1,1,0,2,0,4,1,1,0,1,0,3,2,0,2,0,5,0,2,2,0,0,0,0,0,0,0,0,0,0,1,1,3,3,5,1,0,0,1,0,0,5,0
U156,6,9,13,17,20,2,5,10,15,21,2,0,4,0,4,1,0,1,0,1,1,1,0,3,0,4,0,0,1,0,1,0,2,2,0,0,0,1,0,0,0,0,1,0,0,0,1,1,2,1,0,0,0,0,0,1,0
U157,6,9,11,18,26,2,5,10,15,23,2,0,3,0,4,1,0,2,0,2,1,1,0,3,0,3,0,0,2,0,2,0,2,2,0,0,0,1,0,0,0,0,1,0,0,0,2,2,4,1,0,0,0,0,0,3,0
U158,4,7,13,21,27,2,4,10,16,21,1,0,3,2,1,1,0,2,0,4,1,1,0,1,0,3,2,0,2,0,5,0,2,2,0,0,0,0,0,0,0,0,0,0,1,1,3,3,5,1,0,0,1,0,0,5,0
U159,6,9,13,17,20,2,5,10,15,21,2,0,4,0,4,1,0,1,0,1,1,1,0,3,0,4,0,0,1,0,1,0,2,2,0,0,0,1,0,0,0,0,1,0,0,0,1,1,2,1,0,0,0,0,0,1,0
U160,6,9,11,18,26,2,5,10,15,23,2,0,3,0,4,1,0,2,0,1,1,1,0,3,0,3,0,0,2,0,1,0,2,2,0,0,0,1,0,0,0,0,1,0,0,0,2,2,4,1,0,0,0,0,0,3,0
U161,4,7,13,21,27,2,4,10,16,21,1,0,3,2,1,1,0,2,0,4,1,1,0,1,0,3,2,0,2,0,5,0,2,2,0,0,0,0,0,0,0,0,0,0,1,1,3,3,5,1,0,0,1,0,0,5,0
U162,6,9,13,17,20,2,5,10,15,21,2,0,4,0,4,1,0,1,0,2,1,1,0,3,0,4,0,0,1,0,2,0,2,2,0,0,0,1,0,0,0,0,1,0,0,0,1,1,2,1,0,0,0,0,0,1,0
U163,6,9,11,18,26,2,5,10,15,23,2,0,3,0,4,1,0,1,0,1,1,1,0,3,0,3,0,0,1,0,1,0,2,2,0,0,0,1,0,0,0,0,1,0,0,0,2,2,4,1,0,0,0,0,0,1,0
U164,4,7,13,21,29,2,4,10,16,21,1,0,3,2,2,1,0,2,0,3,1,1,0,1,0,3,2,0,2,0,4,0,2,2,0,0,0,0,0,0,0,0,0,0,1,1,3,3,4,1,0,0,1,0,0,3,0
U165,6,12,15,21,40,2,6,10,15,23,1,2,2,1,1,1,0,9,0,9,1,1,0,1,2,2,1,0,2,0,16,0,2,2,0,0,0,0,0,0,0,0,0,0,0,0,0,0,2,1,0,0,0,0,0,2,0
U166,5,6,14,26,46,2,5,8,17,27,1,0,1,4,3,1,0,1,3,2,1,1,0,1,0,1,4,0,1,2,2,17,2,2,0,0,0,0,0,0,0,0,0,0,0,1,2,14,16,1,0,0,0,0,0,5,0
iDatasend_reg_1,5,8,19,26,41,2,5,11,19,27,1,0,3,0,4,0,0,0,0,0,1,10,0,1,0,3,0,0,0,0,0,0,2,10,0,0,0,0,0,0,0,0,0,0,0,0,1,3,3,1,0,0,0,0,0,4,1
iDatasend_reg_2,6,11,16,26,38,2,6,13,18,24,1,1,2,1,0,0,0,0,0,0,1,10,0,1,1,2,1,0,0,0,0,0,2,10,0,0,0,0,0,0,0,0,0,0,0,1,3,3,3,1,0,0,0,0,0,4,1
